-- inserting data into TABLES

-- inserting data into TABLE genres:
INSERT INTO genres (genre_name, description) VALUES
	 ('Rock', 'Description for Rock'),
	 ('Jazz', 'Description for Jazz'),
	 ('Rock And Roll', 'Description for Rock And Roll'),
	 ('Blues', 'Description for Blues'),
	 ('Reggae', 'Description for Reggae'),
	 ('Pop', 'Description for Pop'),
	 ('Hard Rock', 'Description for Hard Rock'),
	 ('Alternative', 'Description for Alternative'),
	 ('Classical', 'Description for Classical')
;

-- inserting data into TABLE artists:
INSERT INTO artists (first_name, last_name, stage_name) VALUES
	('Mark', 'Knopfler', 'Dire Straits'),
	('Eric', 'Clapton', 'The Yardbirds'),
	('Gordon', 'Sumner', 'Sting'),
	('James', 'Hendrix', 'Jimmy James and Blue'),
	('Michael', 'Jackson', 'The Jackson 5'),
	('Bob', 'Dylan', 'Blind Boy Grunt'),
	('Bob', 'Marley', 'The Wailers'),
	('Rainford', 'Perry', 'Scratch'),
	('Alan', 'Parsons', 'Alan Parsons Project'),
	('Michael', 'Oldfield', 'Sallyangie'),
	('James', 'Osterberg', 'Iggy Pop'),
	('Cherilyn', 'Sarkisian', 'Cher'),
	('Louise', 'Ciccone', 'Madonna'),
	('Francis', 'Sinatra', 'Frank Sinatra'),
	('Louis', 'Armstrong', 'Pops'),
	('John Michael ', 'Stripe', 'R.E.M.'),
	('Kurt', 'Cobain', 'Nirvana'),
	('Jim', 'Morrison', 'Doors'),
	('Fryderyk', 'Chopin', 'Classical Composer'),
	('Johann', 'Strauss', 'Classical Composer')
;

-- inserting data into TABLE artists_info:
INSERT INTO artists_info (artist_id, birthday, description, url_page) VALUES
	(1, '1949-08-12', 'Description for Mark Knopfler', 'https://en.wikipedia.org/wiki/Mark_Knopfler'),
	(2, '1945-03-30', 'Description for Eric Clapton', 'https://en.wikipedia.org/wiki/Eric_Clapton'),
	(3, '1951-10-02', 'Description for Gordon Sumner (Sting)', 'https://en.wikipedia.org/wiki/Sting_(musician)'),
	(4, '1942-11-27', 'Description for Jimmy Hendrix', 'https://en.wikipedia.org/wiki/Jimi_Hendrix'),
	(5, '1958-08-29', 'Description for Michael Jackson', 'https://en.wikipedia.org/wiki/Michael_Jackson'),
	(6, '1941-05-24', 'Description for Bob Dylan', 'https://en.wikipedia.org/wiki/Bob_Dylan'),
	(7, '1945-02-06', 'Description for Bob Marley', 'https://en.wikipedia.org/wiki/Bob_Marley'),
	(8, '1936-03-20', 'Description for Rainford Perry', 'https://en.wikipedia.org/wiki/Lee_%22Scratch%22_Perry'),
	(9, '1948-12-20', 'Description for Alan Parsons', 'https://en.wikipedia.org/wiki/Alan_Parsons'),
	(10, '1953-05-15', 'Description for Michael Oldfield', 'https://en.wikipedia.org/wiki/Mike_Oldfield'),
	(11, '1947-04-21', 'Description for James Osterberg (Iggy Pop)', 'https://en.wikipedia.org/wiki/Iggy_Pop'),
	(12, '1946-05-20', 'Description for Cherilyn Sarkisian (Sher)', 'https://en.wikipedia.org/wiki/Cher'),
	(13, '1958-08-16', 'Description for Louise Ciccone (Madonna)', 'https://en.wikipedia.org/wiki/Madonna'),
	(14, '1915-12-12', 'Description for Francis Sinatra', 'https://en.wikipedia.org/wiki/Frank_Sinatra'),
	(15, '1901-08-04', 'Description for Louis Armstrong', 'https://en.wikipedia.org/wiki/Louis_Armstrong'),
	(16, '1960-01-04', 'Description for John Michael Stripe', 'https://en.wikipedia.org/wiki/Michael_Stipe'),
	(17, '1967-02-20', 'Description for Kurt Cobain', 'https://en.wikipedia.org/wiki/Kurt_Cobain'),
	(18, '1943-12-08', 'Description for Jim Morisson', 'https://en.wikipedia.org/wiki/Jim_Morrison'),
	(19, '1810-03-01', 'Description for Fryderyk Chopin', 'https://en.wikipedia.org/wiki/Frédéric_Chopin'),
	(20, '1825-10-25', 'Description for Johann Strauss', 'https://en.wikipedia.org/wiki/Johann_Strauss_II')
;

-- inserting data into TABLE artists_genres:
INSERT INTO artists_genres (artist_id, genre_id) VALUES
	(1, 3),
	(1, 5),
	(1, 9),
	(2, 3),
	(2, 5),
	(2, 6),
	(3, 3),
	(3, 5),
	(3, 9),
	(4, 5),
	(4, 6),
	(5, 8),
	(6, 4),
	(6, 5),
	(6, 6),
	(7, 7),
	(7, 10),
	(8, 4),
	(8, 6),
	(9, 3),
	(9, 6),
	(9, 10),
	(10, 3),
	(10, 5),
	(11, 3),
	(11, 5),
	(12, 8),
	(12, 10),
	(13, 8),
	(14, 4),
	(14, 6),
	(15, 4),
	(15, 6),
	(16, 3),
	(16, 10),
	(17, 3),
	(17, 10),
	(18, 3),
	(18, 5),
	(18, 10),
	(19, 11),
	(20, 11)
;
-- inserting data into TABLE albums:
INSERT INTO albums (album_name, release_year) VALUES
	('Golden Heart', 1996),
	('Sailing to Philadelphia', 2000),
	('August', 1986),
	('Pilgrim', 1998),
	('Mercury Falling', 1996),
	('Songs from the Labyrinth', 2006),
	('War Heroes', 1972),
	('Crash Landing', 1975),
	('Thriller', 1982),
	('Bad', 1987),
	('New Morning ', 1970),
	('Blonde on Blonde', 1966),
	('Rastaman Vibration', 1976),
	('Exodus', 1977),
	('Return of Django', 1969),
	('Africa’s Blood', 1972),
	('On Air', 1996),
	('Time Machine', 1999),
	('Amarok', 1990),
	('The Songs of Distant Earth', 1994),
	('New Values', 1979),
	('Zombie Birdhouse', 1982),
	('Black Rose', 1980),
	('I Paralyze', 1982),
	('Like a Virgin', 1984),
	('Like a Prayer', 1989),
	('Where Are You', 1957),
	('No One Cares', 1959),
	('Hello Dolly', 1936),
	('A Rhapsody in Black and Blue', 1946),
	('Out of Time ', 1991),
	('Monster', 1994),
	('Bleach', 1989),
	('Nevermind', 1991),
	('Morrison Hotel', 1970),
	('Full Circle', 1972),
	('Die Fledermaus', 1874),
	('WoO f-moll, Des-dur, As-dur', 1839)
;

-- inserting data into TABLE artists_albums:
INSERT INTO artists_albums (artist_id, album_id) VALUES
	(1, 1),
	(1, 2),
	(2, 3),
	(2, 4),
	(3, 5),
	(3, 6),
	(4, 7),
	(4, 8),
	(5, 9),
	(5, 10),
	(6, 11),
	(6, 12),
	(7, 13),
	(7, 14),
	(8, 15),
	(8, 16),
	(9, 17),
	(9, 18),
	(10, 19),
	(10, 20),
	(11, 21),
	(11, 22),
	(12, 23),
	(12, 24),
	(13, 25),
	(13, 26),
	(14, 27),
	(14, 28),
	(15, 29),
	(15, 30),
	(16, 31),
	(16, 32),
	(17, 33),
	(17, 34),
	(18, 35),
	(18, 36),
	(19, 37),
	(20, 38)
;

-- inserting data into TABLE collections:
INSERT INTO collections (collection_name, release_year) VALUES
	('collection 1', 2010),
	('collection 2', 2011),
	('collection 3', 2012),
	('collection 4', 2013),
	('collection 5', 2014),
	('collection 6', 2015),
	('collection 7', 2016),
	('collection 8', 2017),
	('collection 9', 2018),
	('collection 10', 2019)
;

-- inserting data into TABLE tracks:
INSERT INTO tracks (album_id, track_name, track_number, playtime) VALUES
	(1, 'Darling Pretty', 1, '04:31'),
	(1, 'Golden Heart', 2, '05:01'),
	(1, 'Vic and Ray', 3, '04:36'),
	(1, 'Done With Bonaparte', 5, '05:06'),
	(2, 'What It Is', 1, '04:57'),
	(2, 'Sailing to Philadelphia', 2, '05:31'),
	(2, 'El Macho', 3, '05:28'),
	(3, 'It is in the Way That You Use It', 1, '04:11'),
	(3, 'Tearing Us Apart', 2, '04:12'),
	(3, 'Bad Influence', 3, '05:09'),
	(4, 'My Fathers Eyes', 1, '05:24'),
	(4, 'Broken Hearted', 2, '07:52'),
	(4, 'One Chance', 3, '05:55'),
	(5, 'The Hounds of Winter', 1, '05:27'),
	(5, 'I Hung My Head', 2, '04:40'),
	(5, 'Let Your Soul Be Your Pilot', 3, '06:41'),
	(6, 'Walsingham', 1, '00:38'),
	(6, 'Can She Excuse My Wrongs', 2, '02:35'),
	(6, 'The Battle Galliard', 3, '03:01'),
	(7, 'Bleeding Heart', 1, '03:12'),
	(7, 'Highway Chile', 2, '03:34'),
	(8, 'Message to Love', 1, '03:14'),
	(8, 'Somewhere Over the Rainbow', 2, '03:30'),
	(9, 'Baby Be Mine', 1, '04:40'),
	(9, 'Billie Jean', 2, '04:06'),
	(10, 'The Way You Make Me Feel', 1, '04:59'),
	(10, 'Liberian Girl', 2, '03:53'),
	(11, 'Day of the Locusts', 1, '03:57'),
	(11, 'Time Passes Slowly', 2, '02:33'),
	(12, 'Pledging My Time', 1, '03:50'),
	(12, 'Visions of Johanna', 2, '07:33'),
	(13, 'Positive Vibration', 1, '03:33'),
	(13, 'Roots, Rock, Reggae', 2, '03:38'),
	(14, 'Natural Mystic', 1, '03:31'),
	(14, 'So Much Things to Say', 2, '03:08'),
	(15, 'Positive Vibration', 1, '03:33'),
	(15, 'Roots, Rock, Reggae', 2, '03:38'),
	(16, 'Touch of Fire', 1, '04:11'),
	(16, 'Cold Sweat', 2, '02:44'),
	(17, 'Blue Blue Sky', 1, '00:46'),
	(17, 'Blown By The Wind', 2, '05:27'),
	(18, 'Out of the Blue', 1, '04:54'),
	(18, 'Rubber Universe', 2, '03:52'),
	(19, 'Rachmaninov I', 1, '07:20'),
	(19, 'Rachmaninov II', 2, '09:29'),
	(20, 'In the Beginning', 1, '01:24'),
	(20, 'Let There Be Light', 2, '04:52'),
	(21, 'Tell Me a Story', 1, '02:50'),
	(21, 'The Endless Sea', 2, '04:50'),
	(22, 'Run Like a Villain', 1, '03:00'),
	(22, 'Eat or Be Eaten', 2, '03:14'),
	(23, 'Julie', 1, '03:21'),
	(23, '88 Degrees', 2, '03:56'),
	(24, 'Rudy', 1, '02:54'),
	(24, 'When the Love Is Gone', 2, '04:04'),
	(25, 'Material Girl', 1, '04:00'),
	(25, 'Dress You Up', 2, '04:01'),
	(26, 'Express Yourself', 1, '04:39'),
	(26, 'Promise to Try', 2, '03:36'),
	(27, 'The Night We Called It a Day', 1, '03:28'),
	(27, 'Lonely Town', 2, '04:12'),
	(28, 'A Cottage for Sale', 1, '03:16'),
	(28, 'Stormy Weather', 2, '03:20'),
	(29, 'Hello, Dolly!', 1, '03:11'),
	(29, 'What a Wonderful World', 2, '03:32'),
	(30, 'A Rhapsody in Black and Blue', 1, '04:06'),
	(30, 'Weather Bird', 2, '02:56'),
	(31, 'Near Wild Heaven', 1, '03:17'),
	(31, 'Shiny Happy People', 2, '03:44'),
	(32, 'King of Comedy', 1, '03:40'),
	(32, 'I Do not Sleep, I Dream', 2, '03:27'),
	(33, 'Blew', 1, '02:33'),
	(33, 'Paper Cuts', 2, '04:06'),
	(34, 'Smells Like Teen Spirit', 1, '05:01'),
	(34, 'Lithium', 2, '04:16'),
	(35, 'Waiting for the Sun', 1, '03:58'),
	(35, 'You Make me Real', 2, '02:50'),
	(36, '4 Billion Souls', 1, '03:18'),
	(36, 'Hardwood Floor', 2, '03:38'),
	(37, 'Act 1', 1, '21:28'),
	(37, 'Act 2', 2, '17:30'),
	(38, 'g-moll', 1, '15:19'),
	(38, 'f-moll', 2, '18:25')
;

-- inserting data into TABLE tracks_collections:
INSERT INTO tracks_collections (collection_id, track_id) VALUES
	(1, 84),
	(1, 90),
	(1, 96),
	(1, 126),
	(1, 145),
	(2, 85),
	(2, 88),
	(2, 98),
	(2, 110),
	(2, 102),
	(3, 144),
	(3, 89),
	(3, 97),
	(3, 101),
	(3, 166),
	(4, 99),
	(4, 106),
	(4, 111),
	(4, 119),
	(4, 127),
	(5, 86),
	(5, 87),
	(5, 129),
	(5, 137),
	(5, 150),
	(5, 153),
	(6, 89),
	(6, 95),
	(6, 164),
	(6, 152),
	(6, 153),
	(7, 93),
	(7, 115),
	(7, 118),
	(7, 123),
	(7, 130),
	(7, 144),
	(8, 95),
	(8, 96),
	(8, 107),
	(8, 116),
	(8, 125),
	(9, 100),
	(9, 102),
	(9, 116),
	(9, 125),
	(9, 131),
	(9, 132),
	(9, 155),
	(10, 159),
	(10, 160),
	(10, 161),
	(10, 163),
	(10, 165),
	(10, 99),
	(10, 140),
	(10, 142),
	(10, 153),
	(10, 154)
;
